title,description,source
"Taylor Swift's Rio de Janeiro tour scarred by deaths, muggings, heat-related illnesses","The deaths of two people, heat-related illnesses and other misfortunes have left legions of Taylor Swift fans angry and disappointed in the three-day Rio de Janeiro leg of the pop superstar’s Eras Tour",ABC News
Tyreek Hill jokes Taylor Swift fans are 'a dangerous crew' after Travis Kelce question,He knew it would be trouble if he said something negative about Taylor Swift and Travis Kelce.,USA Today
Young Taylor Swift played a song backstage for Britney Spears during 'Oops! ... I Did it Again' tour,"Britney Spears reflected upon meeting a young Taylor Swift, before she was famous, at her own ""Oops! ... I Did It Again"" tour. Spears says Swift played her a song on the guitar.",Fox News
Brittany Mahomes shared a glimpse of what it was like to hang out with Taylor Swift in NYC,Swift spent time with the spouses of three Chiefs' players this past weekend.,USA Today
Billboard Music Awards 2023: Full winners list,"Country titans Morgan Wallen and Taylor Swift dominated the Billboard Music Awards with a string of wins, including top artist and top Hot 100 artist.",USA Today
"Taylor Swift fan details scorching, 'sauna-like' conditions at Brazil show that left 23-year-old dead",A passionate Taylor Swift fan gave a glimpse of her experience at the chaotic Brazil concert that left a 23-year-old person dead after severe weather conditions.,Fox News
Will Taylor Swift show up to Chiefs - Eagles to cheer on Travis Kelce? 5 reasons the stars are aligning,Let's break down why Taylor Swift could make it happen on Monday.,USA Today
"Taylor Swift embraces Travis Kelce, changes song lyric for him at Argentina concert","Taylor Swift changed one of her song lyrics to reference Travis Kelce and embraced the Chiefs tight end during the opening concert of her ""Eras Tour"" international concert series.",Fox Sports
Video: Chiefs' Travis Kelce Reacts to Viral Taylor Swift Halloween TikTok Costume,Travis Kelce appreciates the jokes. The Kansas City Chiefs tight end reacted to a TikTok from JaxWritesSongs that played on the prank of Taylor Swift fans…,Bleacher Report
"Taylor Swift and Beyoncé won't prop up the US economy much longer, with Americans' COVID-era savings running dry",US GDP surged by 4.9% over the third quarter of 2023. But economists are warning that a tumbling savings rate is a sign the bump in growth won't last.,Business Insider
Taylor Swift’s Eras Tour concert film takes its final bow at the box office this weekend,Taylor Swift takes her final bow at the movie box office this weekend.,NBC News
Travis Kelce adorably filmed himself singing to Taylor Swift's Love Story,This is too perfect.,USA Today
"Video: Taylor Swift, Brittany Mahomes Celebrate With Handshake at Chargers vs. Chiefs",Kansas City Chiefs wide receiver Marquez Valdes-Scantling wasn't the only one excited to see Patrick Mahomes throw his first deep touchdown pass of the season…,Bleacher Report
Jack Black shamelessly belting out Taylor Swift lyrics in his underwear is glorious,Jack Black is a legend for this.,USA Today
Taylor Swift set to perform rescheduled Rio show after deadly heat | CNN,"Taylor Swift will wrap up her “Eras Tour” concerts in Rio de Janeiro, Brazil on Monday, following a weekend of shows beset by dire heat and tragedy.",CNN
Travis Kelce laughed so hard at a 'Taylor Swift put Travis on the map' Halloween costume,Travis Kelce loved this and so did we.,USA Today
Travis and Jason Kelce thank Taylor Swift and Swifties for getting their Christmas song to No. 1,"On the New Heights podcast, Travis Kelce and Jason thanked Taylor Swift and Swift fans.",USA Today
Rio de Janeiro Officials Project Taylor Swift Welcome onto Famed 'Christ the Redeemer' Statue,Officials in Rio de Janeiro were so excited about pop star Taylor Swift's imminent concerts in Brazil that they electronically projected a Swifty-themed robe onto its famed Christ the Redeemer statue that overlooks the glittering city.,Breitbart News
Biden's Taylor Swift-Britney-Beyoncé mix-up sparks social media mockery: 'This is an impeachable offense',"President Biden appeared to confuse pop singers Britney Spears, Beyoncé and Taylor Swift during his comments at the annual turkey pardon at the White House on Monday.",Fox News
Taylor Swift changes lyrics to ‘Karma’ in nod to ‘guy on the Chiefs’ Travis Kelce | CNN,"Taylor Swift winked at her romance with Kansas City Chiefs’ tight end Travis Kelce during her “Eras Tour” concert in Buenos Aires, Argentina on Saturday when she changed the lyrics to a line in her hit song “Karma,” and Kelce was in the audience to catch it.",CNN
Taylor Swift fan dies at Rio concert as fans complain about high temperatures and lack of water,A 23 year-old Taylor Swift fan has died at the singer’s Eras Tour concert in Rio de Janeiro,ABC News
"From country to pop, 2014 nostalgia to 2023 reality — it's time for Taylor Swift's '1989'","Taylor Swift’s reimagined “1989” is here, the album that ushered in the first Peak Swift era — revisited at the height of her massive pop culture dominance",ABC News
Chiefs' Travis Kelce responds to Andy Reid's comments on the impact of Taylor Swift,"Travis Kelce is thankful for coach Andy Reid's approval of the presence of Taylor Swift at Chiefs games: ""You know you're doing something right.""",Fox Sports
How Taylor Swift and Travis Kelce are inspiring people to raise their dating standards,It’s a love story that people just want to say yes to: Taylor Swift and Travis Kelce — who have been rumored to be dating since September — are inspiring people to step up their own dating expectations.,NBC News
"Taylor Swift, Travis Kelce Halloween costume wins friends a top prize: See their rendition of the stars",Florida friends dressed up as Taylor Swift and Travis Kelce for a Halloween costume contest and took home the grand prize. See the pair mimick the iconic duo!,Fox News
Taylor Swift makes Grammy Awards history with most song of the year nominations,Taylor Swift made history when the nominations for 2024 Grammy Awards were announced on Friday. The music superstar became the first person to be nominated in the song of the year category seven times.,NBC News
"TMZ: Travis Kelce, Taylor Swift Dating 'Overwhelming' for Jason, Mom Donna and Family","Kansas City Chiefs tight end Travis Kelce's relationship with Taylor Swift has been an adjustment for the entire Kelce family, according to TMZ Sports.…",Bleacher Report
Taylor Swift's beau Travis Kelce details their courtship; Sami Sheen reveals she had a boob job,"The Fox News Entertainment newsletter brings you the latest Hollywood headlines, celebrity interviews and stories from Los Angeles and beyond.",Fox News
Super Bowl champ dishes on Taylor Swift effect on NFL: 'I think it makes it fun',New York Giants legend weighed in on the Taylor Swift effect on the NFL amid her relationship with Kansas City Chiefs superstar Travis Kelce.,Fox News
"NFL's Roger Goodell: Travis Kelce, Taylor Swift's Relationship 'Great for the League'",NFL commissioner Roger Goodell is very happy to see Taylor Swift around the league thanks to her relationship with Kansas City Chiefs tight end Travis Kelce.…,Bleacher Report
Patrick Mahomes wants to 'one-up' Taylor Swift and his wife's handshake with Travis Kelce,"When Taylor Swift and Patrick Mahomes' wife went viral for their two handshakes, the quarterback realized he didn't have one with Travis Kelce.",Fox News
Travis Kelce will travel to Argentina to see Taylor Swift's 'Eras Tour': report,"Kansas City Chiefs tight end Travis Kelce is going to use the bye week to reportedly head down to Argentina in support of Taylor Swift's ""Eras Tour"" beginning international stops.",Fox News
Taylor Swift ‘Dancing With the Stars’,Taylor Swift ‘Dancing With the Stars’cnn.com,CNN
Travis Kelce reacts to Taylor Swift changing 'Karma' lyrics to reference the Chiefs,Kansas City Chiefs tight end Travis Kelce appeared just as surprised as concertgoers when he received an onstage shoutout from Taylor Swift during her Eras Tour show in Argentina.,NBC News
Does Taylor Swift really swing betting odds when she's at Chiefs games?,"As absurd as the premise sounds that the mere presence of a songstress love interest could appeal to the oddsmakers' soft side, there is at least a statistical starting point for a discussion.",Fox Sports
"Taylor Swift, Travis Kelce's PDA signals NFL player is 'endgame' for pop star: expert","Taylor Swift and Travis Kelce took their relationship public during the ""Karma"" singer's ""Eras Tour"" with new lyrics and a kiss. Experts explain the change in Swift's stance on privacy.",Fox News
"Jason Kelce Says Travis, Taylor Swift Dating Reached a 'Weird' Level Due to Paparazzi","Kansas City Chiefs tight end Travis Kelce had already gained a level of fame before getting linked romantically with Taylor Swift. His brother, Jason,…",Bleacher Report
Travis Kelce Saw Taylor Swift Perform in Argentina. Here's What Happened,"Kelce was spotted at Swift's Eras Tour show in Argentina on Saturday, with the pop star having a surprise in store for her guest.",Newsweek
Rob Gronkowski says NFL is overdoing it with Taylor Swift coverage during games: ‘We want more football’,"Rob Gronkowski thinks the NFL is giving Taylor Swift “too much"" screen time during games and says the league should “show the players"" more.",Fox News
Travis Kelce Apologizes to Taylor Swift's Father After Show in Argentina,Kelce and Swift's father had a funny interaction at her show in Buenos Aires over the weekend.,Newsweek
Andy Reid is also a Taylor Swift fan for Travis Kelce: She 'can stay around all she wants',"When Kelce's stats are this good with Taylor Swift watching in person, you have to encourage it.",USA Today
Philly radio station 'punts' Swift from weekend playlist ahead of Chiefs-Eagles,"Taylor Swift grew up an Eagles fan, but her relationship with Chiefs tight end Travis Kelce is causing one Philadelphia radio station to take no chances.",ESPN
"Taylor Swift is officially a billionaire thanks to her record-breaking tour and re-recording project, according to Bloomberg","Thanks thanks to her record-breaking Eras Tour and re-recording project, Taylor Swift has a $1.1 billion net worth, according to Bloomberg's estimates.",Fortune
"NFL Finally Dumps Taylor Swift from Social Media, Replaces Her with Vikings' Josh Dobbs","After a 42-day run, the NFL has finally removed images and tributes to pop star Taylor Swift as the features on its social media accounts.",Breitbart News
Mom told to remove decorations from son's gravesite — plus Taylor Swift 'swear jar' goes viral,"The Fox News Lifestyle Newsletter brings you trending stories on family, travel, food, neighbors helping neighbors, pets, autos, military veterans, heroes, faith and American values.",Fox News
Elon Musk appears to have given up on trying to camouflage his private-jet travels with an FAA program used by Jeff Bezos and Taylor Swift,"Elon Musk had signed up for the FAA's PIA program that allows private jet owners to fly incognito, but he appears to have stopped using it for now.",Business Insider
Travis Kelce says he may have had 'a little bit of a clue' about Taylor Swift changing 'Karma' lyrics,"Kansas City Chiefs tight end Travis Kelce said he may have had ""a little bit of a clue"" that Taylor Swift would swap out the lyrics in her song ""Karma"" to reference their budding romance.",NBC News
CBS actually broke out a hilarious graphic about Travis Kelce's stats with Taylor Swift in attendance,Incredible work. No notes.,USA Today
Israel Asks Taylor Swift for Help,"While pop star Swift has not yet publicly weighed in on the Israeli-Palestinian conflict, she has been asked by officials for help.",Newsweek
Taylor Swift supports Travis Kelce with rare social media move,"Taylor Swift liked an Instagram post about Travis Kelce's performance from his game in Germany on Sunday, sending fans into a frenzy over the public act of support.",Fox News
Taylor Swift's Romance With Travis Kelce: What We Actually Know,Taylor Swift and Travis Kelce's blossoming romance has sparked a huge media storm.,Newsweek
Taylor Swift fans theorize that Jason Sudeikis is the 'Cupid' who set up her and Travis Kelce,Could the Ted Lasso star be the one that put things into motion?,USA Today
"NFL commissioner opens up about league's popularity, Taylor Swift's impact","NFL Commissioner Roger Goodell spoke exclusively with ""CBS Mornings"" ahead of a busy NFL holiday lineup.",CBS News
"NFL Week 11 preview: Chiefs-Eagles headline schedule as eyes turn back to Travis Kelce, Taylor Swift","NFL fans and the pop culture world will likely be tuning in Monday night for the Kansas City Chiefs and Philadelphia Eagles, but don't count out Sunday's slate.",Fox News
"The ""22"" Hat Taylor Swift Gives Away Every Night On Tour Costs Almost $400, Plus 26 Other BTS Facts About Her Eras Tour Wardrobe",Taylor's 16 costume changes involve wayyy more Swarovski crystals than you might think!View Entire Post ›,Buzzfeed
"WATCH: Joe Biden Makes Bizarre Joke at Turkey Pardoning, Confuses Taylor Swift and Britney Spears","President Joe Biden made a bizarre, confusing joke during the annual turkey pardoning ceremony at the White House on Monday, seemingly referencing Taylor Swift's sweltering concert in Brazil, which tragically resulted in the death of one fan, but also mention…",Breitbart News
Video: Chiefs' Travis Kelce Reveals Reaction to Taylor Swift's 'Karma' Lyric Change,Kansas City Chiefs star tight end Travis Kelce's romance with pop superstar Taylor Swift has progressed to the point where she's referencing him while…,Bleacher Report
Did Travis Kelce make a subtle reference to Taylor Swift with his touchdown celebration during Eagles - Chiefs?,"Taylor Swift might not be attending Monday night’s Kansas City Chiefs game versus the Philadelphia Eagles, but Travis Kelce may have given her a very subtle shoutout with this touchdown celeb…",USA Today
Taylor Swift reporter hired at Gannett after viral job listing | CNN,"Consider journalist Bryan West the “lucky one,” because he’s The Tennessean and USA Today network’s new Taylor Swift Reporter.",CNN
"VIDEO: Broncos Troll Chiefs, Travis Kelce by Playing Taylor Swift Music After Upset Win",The Broncos trolled the Chiefs by playing Taylor Swift music after their upset win over Kansas City on Sunday.,Breitbart News
Taylor Swift honored on Christ the Redeemer statue: 'Welcome to Brazil',"Taylor Swift was honored with a projection on Brazil's Christ the Redeemer statue of a shirt inspired by the superstar's ""Junior Jewels"" shirt from her ""You Belong With Me"" music video.",Fox News
Taylor Swift fans want to know why Travis Kelce isn't in the Chiefs' latest TikTok,AN INVESTIGATION: The Chiefs are playing checkers while the Swifties are playing chess.,USA Today
Travis Kelce's Sweet Bonding Moment With Taylor Swift's Dad,"Travis Kelce and Taylor Swift are the talk of the football and music worlds, with Travis recently getting close to her dad Scott while in Argentina.",Newsweek
Travis Kelce and Taylor Swift exit Chiefs’ stadium hand-in-hand after dominant win over Chargers,Kansas City Chiefs tight end Travis Kelce and rumored girlfriend Taylor Swift left Arrowhead Stadium Sunday night hand-in-hand after a dominant win over the Los Angeles Chargers.,Fox News
How to watch today's Los Angeles Chargers vs. Kansas City Chiefs game,Join Taylor Swift and some football players for the Los Angeles Chargers vs. Kansas City Chiefs game this Sunday.,CBS News
A 35-year-old ‘huge Swiftie’ beat out a White House reporter and a legion of bloggers to get the most coveted job in journalism,"It’s “no different than being a sports journalist who’s a fan of the home team,” said Bryan West, the new Taylor Swift reporter for USA Today.",Fortune
Taylor Swift and Beyoncé concert tours deliver record-breaking earnings for Live Nation,Live Nation has Taylor Swift and Beyoncé to thank for propelling the live concerts organizer to its strongest quarterly results to date.,CNN
"Taylor Swift commands a huge fan base — and for some, it borders on spiritual","There’s been a fervent fan base surrounding Taylor Swift and her brand of music since she burst onto the scene in 2006. But more recently, that devotion has been taken to new heights, particularly given the record-breaking success of her worldwide Eras Tour c…",CBC News
Taylor Swift has made Kansas City her new stomping ground — and local shops say business is booming,Kansas City was ready for it: How the city's businesses are embracing the Tayvis relationship.,Business Insider
Taylor Swift Video Sparks Wild Theory,"""The coincidences are just too much in my opinion, and I am fully on the train of believing this is Taylor Swift,"" user @chloeandpercy says in the clip.",Newsweek
Taylor Swift to bring Eras Tour to Vancouver for 3 nights in December 2024,Taylor Swift is preparing to bring her Eras Tour to Vancouver for three nights next December.,CBC News
"5 sports things I'm most thankful for in 2023, from Travis Kelce and Taylor Swift to Coach Prime",There's a lot to be thankful for in 2023.,USA Today
Taylor Swift Rio concert chaos: Fans describe ‘unbearable' Friday show,"Fans in Rio de Janeiro waited years for Taylor Swift to come to their city. When she finally did, “everything that could have gone wrong did,"" one fan said.",NBC News
Cat's Hilarious Reaction to Owner Singing Taylor Swift Song—'Airplane Mode',"""As soon as the music begins, she runs down the stairs and just stares at me,"" Zelda's owner told Newsweek.",Newsweek
"Taylor Swift Effect: Chiefs 5-0, 4-1 ATS since star began attending Travis Kelce games",Travis Kelce and the Chiefs are on fire since superstar Taylor Swift started attending games. Patrick Everson talked to a long-time bookmaker about Kelce's props and how Swift has impacted the betting markets.,Fox Sports
‘Dancing With the Stars’ has big elimination on Taylor Swift night | CNN,"“Dancing With the Stars” featured a Taylor Swift night on Tuesday, where the dancers paid tribute to the superstar singer’s music.",CNN
Biden confuses Taylor Swift with Britney Spears in remarks on his 81st birthday,"President Joe Biden mixed up Taylor Swift and Britney Spears in remarks Monday during the White House’s annual turkey pardoning ceremony, which happened to fall on the president’s 81st birthday.",NBC News
"Taylor Swift becomes a billionaire with new re-recording of ""1989""","Taylor Swift's wealth has crossed the billion-dollar mark thanks to her ""Eras"" tour, as well as a new release of her nine-year-old ""1989"" album.",CBS News
"Chipotle's Travis Kelce, Taylor Swift Joke Goes Viral","People have teased the Kansas City Chiefs tight end over his ""commitment"" to misspelling in old posts he made to X.",Newsweek
NFL's Travis Kelce on Taylor Swift Relationship: Everybody Says 'Don't F--k This Up!',"Travis Kelce and pop superstar Taylor Swift have become America's couple, at least for the moment, and the family and friends of the Kansas City Chiefs tight…",Bleacher Report
"Taylor Swift 'overwhelmed by grief,' postpones Rio show after fan dies during Eras Tour concert","Taylor Swift postponed an Eras Tour concert in Rio de Janeiro Saturday after a 23-year-old fan died during her Friday night show, according to a message posted on the singer's Instagram.",CBC News
Bills QB Josh Allen Probably Did Not Call a 'Taylor Swift' Audible,"Astute fans watching the Thursday Night Football broadcast heard Josh Allen call an audible, but did he say ""Taylor Swift"" or ""J.R. Smith?""",Newsweek
Taylor Swift incredibly kept performing her Eras Tour Brazil stop after breaking a heel on stage,Someone in the crowd got a very cool souvenir on the final night in Rio.,USA Today
"What Travis Kelce, Patrick Mahomes, more are saying about Taylor Swift",Several people close to Travis Kelce expressed their thoughts on his relationship with Taylor Swift ahead of Monday's Chiefs-Eagles tilt.,Fox Sports
Johnny Cash's 'Blank Space' Is Why AI Can't Have Nice Things,"With covers of Taylor Swift and “Barbie Girl” going viral, Johnny Cash is suddenly the voice of AI. The choice is telling.",Wired
"Video: Broncos Play Taylor Swift's 'Shake It Off' After Beating Travis Kelce, Chiefs",The Kansas City Chiefs need to shake off their 24-9 loss to the Denver Broncos Sunday. That's what the home team indicated with their postgame song choice.…,Bleacher Report
Taylor Swift wears friendship bracelet with Travis Kelce’s jersey number at Chiefs-Chargers game,Taylor Swift might be the Kansas City Chiefs’ good luck charm.,NBC News
Travis Kelce hints at flying to Taylor Swift's Eras Tour stop in Argentina in latest podcast ep,Could Travis Kelce be implying he's flying south to Argentina to see Taylor Swift for her Eras Tour stop?,USA Today
"Chiefs want to be ‘world’s team’ behind star power, Super Bowl success","Can the Chiefs rule the world? With championships, Patrick Mahomes, Travis Kelce — and Taylor Swift! — why not?",Fox Sports
Chiefs' Travis Kelce hints at traveling to South America to support Taylor Swift's tour during team's bye week,"During a recent podcast episode, two-time Super Bowl champion Travis Kelce played coy about potentially traveling to South America to take in one of Taylor Swift's Eras Tour shows.",Fox News
Travis Kelce's Mom Reassures Chiefs Fans With Concerns About Taylor Swift,"Donna Kelce believes the Chiefs star has ""a fire within him to prove everyone wrong"" that will help him handle this season.",Newsweek
Eagles couldn’t help themselves by making a Taylor Swift reference after win over Chiefs,The Philadelphia Eagles are celebrating their win on “Monday Night Football” against the Kansas City Chiefs with an apparent nod to Travis Kelce’s relationship with Taylor Swift.,NBC News
Young Taylor Swift fans go viral for struggling to open the star's CD: 'Making me laugh',"Three Taylor Swift fans, ages 11 and 12, go viral after a video of their struggles to open a CD grab over 2.7 million views — and even Swift herself responded.",Fox News
How Taylor Swift transcends America's political divides — barely,Pop star Taylor Swift notched the highest net favorability ratings of any figure tested in the latest NBC News national poll.,NBC News
Olive Garden chimes in on an old Travis Kelce tweet with a fun Taylor Swift lyric change,Let's head down to the ole Garden and get some breadsticks and listen to Taylor Swift.,USA Today
"A movie theater staffer describes what it was like to work Taylor Swift's Eras Tour film premiere, which was so loud it blew out 2 amps",Taylor Swift's Eras Tour film was so loud it blew the sound system in one theater.,Business Insider
"The 2024 Grammy nominations: Women dominate while Drake, Gosling pick up nods","The 2024 Grammy nominations were announced Friday morning, with SZA, Taylor Swift and the Barbie movie soundtrack leading the female-dominated pack.",CBC News
"Taylor Swift and Travis Kelce will be 'engaged by May,' predicts actress Hilarie Burton",We're sure Taylor Swift fans are hoping this prediction comes true.,USA Today
Taylor Swift's new Eras Tour pink outfits had everyone making Barbie (Taylor's Version) jokes,A changed look for Taylor Swift's latest Eras Tour stop in Buenos Aires.,USA Today
Taylor Swift's Friendship With Brittany Mahomes Sparks Backlash,"Brittany Mahomes has faced criticism online after she backed her brother-in-law, who has been accused of sexual assault.",Newsweek
Travis Kelce Now Has a No. 1 Song to His Name,"Think Taylor Swift is the only one with musical talent? Travis Kelce appeared on a song, and it's performing rather well.",Newsweek
Taylor Swift makes history with latest Grammy nods,"Taylor Swift became the first artist in Grammy history to be nominated seven times in the song of the year category when she was nominated Friday for her hit ""Anti-Hero."" Swift received a total of six nominations.",CBS News
Report: Taylor Swift hosted watch party for Chiefs significant others Sunday,Taylor Swift reportedly hosted a watch party to root on rumored boyfriend Travis Kelce as the Chiefs took on the Dolphins in Germany last Sunday.,Fox Sports
Taylor Swift mourns fan who died before concert in Brazil | CNN,"Taylor Swift fan died Friday night before the Eras Tour show in Rio De Janeiro, Brazil the singer said on Instagram.",CNN
Travis Kelce Reportedly Will Travel to Argentina to Visit Taylor Swift,The Kansas City Chiefs star will use the team's bye week to visit Swift during the international leg of her Eras Tour.,Newsweek
The Broncos played Taylor Swift's music in the stadium after upsetting the Chiefs,Peak pettiness.,USA Today
These 80 Hilarious October Tweets Have Me FALLing On The Floor In A Fit Of Laughter,"It's officially spooky season, bed bugs are overrunning Paris, the National Emergency Alert came early, Kevin McCarthy got booted as Speaker of The House, Beyoncé and Taylor Swift joined forces, Pete Davidson became a Swiftie meme, these celebrity wax statues…",Buzzfeed
Taylor Swift postpones Argentina concert after Travis Kelce arrives,"Taylor Swift canceled the Nov. 10 concert of the international leg of ""The Eras Tour"" due to ""chaotic"" weather. Her rumored boyfriend, Travis Kelce, just arrived in the country.",Fox News
Brazil's Christ the Redeemer statue welcomes Taylor Swift with unique display,Taylor Swift and the Eras Tour will receive a special welcome to Rio de Janeiro on Thursday night with a projection on the city's iconic Christ the Redeemer.,NBC News
Taylor Swift Responds to Witchcraft Taunts With Extraordinary Video,Swift has been fending off sorcery and witchcraft rumors for the past several weeks as she travels the world on her sixth concert tour.,Newsweek
Travis Kelce's Performance Without Taylor Swift Present Sparks Questions,"Still, he passed Pro Football Hall of Fame tight end Tony Gonzalez as the Chiefs' all-time leader in receiving yards on Sunday.",Newsweek
Taylor Swift to be joined by Travis Kelce during the international leg of her Eras tour: report,Taylor Swift and Travis Kelce' rumored romance continues to heat up as the NFL star is reportedly planning to visit the singer during the international leg of her Eras tour.,Fox News
What Travis Kelce's Parents Have Said About Taylor Swift,The relationship between Swift and Kelce has captivated pop fans and sports aficionados alike and now Kelce's parents have shared their thoughts.,Newsweek
Taylor Swift skips Travis Kelce's football games for Eras Tour prep,"Taylor Swift has been a staple at Travis Kelce's Kansas City Chiefs games as of late, but she missed a recent game to focus on her upcoming Eras Tour stops in South America.",Fox News
"Taylor Swift, Cardi B, extra guacamole: How New Jersey’s governor spent $12K on stadium concessions",The request came after POLITICO obtained records of taxpayer spending.,Politico
"Taylor Swift’s Rio tour marred by deaths, muggings and a dangerous heat wave","Taylor Swift's three-day leg of her eras tour in Rio de Janeiro, Brazil was marred by the deaths of two people, extreme heat and muggings and crime, as fans decried on social media.",NBC News
Get Your Parkas Ready For December 2024 – Canadian Swifties Haven't Been Able To Focus Since Taylor Swift JUST Announced Three New Concert Dates,Step 1) Register for Verified Fan Presale on Ticketmaster. Step 2) Look at flights to Vancouver.View Entire Post ›,Buzzfeed
Travis Kelce's mom explains why Chiefs star has taken game to 'new level' amid Taylor Swift relationship,"Travis Kelce's relationship with Taylor Swift led some to believe he wouldn't perform well for the Chiefs this season, but his mother, Donna Kelce, explained why it motivates him more.",Fox News
Taylor Swift concert postponement prompts airline to waive change fee | CNN,"LATAM Airlines waived its change fees for customers who wanted to extend their stay in Buenos Aires, Argentina, after Taylor Swift postponed her concert there.",CNN
"16 Hilarious Fails From The Internet This Week That Will Make You Laugh So Hard You'll Be Texting This Article To Your Friends Saying ""You Have To Look At This""",I had to include the Taylor Swift pumpkin because I have been thinking about it every day.View Entire Post ›,Buzzfeed
Will Taylor Swift fans send the Travis and Jason Kelce holiday song to No. 1?,"That's right, the Kelce brothers have a holiday song coming out!",USA Today
He landed a job covering Taylor Swift. Now the internet can’t stop analyzing why.,Journalist Bryan West is garnering scrutiny online from Swifties after landing the buzzy Gannett Taylor Swift beat reporter job.,NBC News
Why Swifties apparently mobilized to vote Harry Jowsey off Dancing With the Stars on Taylor Swift night,Don't doubt the Swifties.,USA Today
Broncos Troll Chiefs by Playing Taylor Swift in Arena After Big Win,"After their big win, the Denver Broncos used a Swift song to take a swipe against Swift's boyfriend, Travis Kelce, and his Kansas City Chiefs.",Newsweek
"Biden cracks age joke on 81st birthday, then confuses Taylor Swift, Beyonce","President Biden, who turned 81 today, made jokes about his age during the White House turkey pardon before mixing up Taylor Swift and Beyonce in a remark.",Fox News
Travis Kelce's Old Tweets Reposted by Taylor Swift Fans Ahead of Eagles vs. Chiefs,"Taylor Swift fans are a passionate, unique bunch. Swifties have been digging into the old tweets of Travis Kelce, Swift's current beau, to the point that many…",Bleacher Report
Jimmy Kimmel Mocks Taylor Swift-Brittany Mahomes Handshake,"The pop star's ""secret handshake"" with Brittany Mahomes—wife of Kansas City Chiefs quarterback Patrick Mahomes—took over the internet during Sunday's game.",Newsweek
Chiefs fan Morgan Freeman has no interest in Travis Kelce and Taylor Swift’s love life,Morgan Freeman said what he said.,USA Today
"Travis Kelce's old tweets unearthed; Taco Bell, Olive Garden, Chipotle respond",Taylor Swift fans have resurfaced old Travis Kelce tweets amid reports that the duo's parents will meet at the Chiefs-Eagles game.,Fox Sports
"A Reporter Asked Travis Kelce The Status Of His Relationship With Taylor Swift, And Fans Love His Response",Travis is keeping his cards close to his chest.View Entire Post ›,Buzzfeed
Argentina Socialists Weaponize Taylor Swift Against Conservative Presidential Frontrunner,Leftist fans of Taylor Swift in Argentina launched a campaign urging fellow Swifties not to vote for libertarian economist Javier Milei.,Breitbart News
Simone Biles will try to meet Taylor Swift at Chiefs-Packers game later this season,"Simone Biles, the most decorated gymnast in history, is hoping to meet Taylor Swift at the Kansas City Chiefs-Green Bay Packers game later this season.",Fox News
"Taylor Swift and Travis Kelce relationship works because ‘they’re very supportive of each other,’ his dad says","Taylor Swift will soon release her next re-recorded album, and Travis Kelce's dad will be in line to purchase as he boasted that the ""Cruel Summer"" singer is ""very genuine.""",Fox News
Patrick Mahomes' mother gushes over Taylor Swift after pop star meets quarterback's little sister,The mother of Kansas City Chiefs quarterback Patrick Mahomes gushed over Taylor Swift on social media Monday as dating rumors between the pop star and Travis Kelce continue to heat up.,Fox News
"Chiefs lose, Travis Kelce has a tough day in Taylor Swift's absence","High-profile tight end Travis Kelce underperformed against expectations Sunday in the Kansas City Chiefs' loss to the Denver Broncos — and his reported sweetheart, Taylor Swift, wasn't there to see it.",NBC News
"Taylor Swift, Patrick Mahomes' Wife Photos Mocked",The pop star and her new friend have once again found themselves being targeted by cruel trolls online.,Newsweek
Taylor Swift's boyfriend Travis Kelce finally reveals how they met: 'She'll probably hate me for saying this',"Taylor Swift's boyfriend Travis Kelce is sweetly spilling all the details about how he and the popstar first started dating, and he gave kudos to her inner circle.",Fox News
WATCH: Taylor Swift and Travis Kelce share a kiss after her Buenos Aires concert,Video shows the singer and Chiefs’ tight end embracing each other after her show.,ABC News
Travis Kelce says he’s ‘never dated’ anyone like Taylor Swift: ‘I’m not running away from any of it’,Travis Kelce is finally revealing what it’s like to be dating one of the biggest pop stars in the world: Taylor Swift.,NBC News
Drew Barrymore thanks Taylor Swift for inspiring her to start dating again after years of celibacy,"Drew Barrymore is ready to ""Begin Again"" after being inspired by Taylor Swift's decision to publicly date NFL star Travis Kelce. Swift attended the Chiefs game Oct. 22.",Fox News
Taylor Swift is still in her (Chiefs) Red era with latest appearance supporting Travis Kelce at football game | CNN,"In a surprise to absolutely nobody, Taylor Swift was back in Kansas City on Sunday to support Travis Kelce at his football game.",CNN
Taylor Swift to likely miss Travis Kelce's Chiefs game this Sunday as 'Eras Tour' nears return: reports,"The Grammy Award winning singer has become a fixture at Chiefs home and road games so far this season, where she has supported Travis Kelce from luxury suites.",Fox News
Classes on celebrities like Taylor Swift and Rick Ross are engaging a new generation of law students,A South Dakota law professor who typically teaches torts and natural resources is turning his attention to Taylor Swift next semester,ABC News
Taylor Swift returns to Arrowhead stadium to cheer on Travis Kelce,This is the fifth time Swift has been seen cheering on Kansas Chiefs tight end Travis Kelce and the defending Super Bowl champions.,CBS News
Taylor Swift kisses Travis Kelce on the cheek in Instagram photo,Taylor Swift and Travis Kelce are getting just a little bit more cozy in a new snap that has fans buzzing.,NBC News
Taylor Swift’s choreographer reacts to star’s relationship with Travis Kelce: ‘I'm a fan',"Pop star Taylor Swift's choreographer Mandy Moore told Fox News Digital what she thinks of her new relationship with Travis Kelce at last night's ""Dancing with the Stars"" taping.",Fox News
Taylor Swift won't be in attendance to watch Kelce brothers at Chiefs-Eagles,"Taylor Swift won't be in Kansas City when Travis Kelce takes on his brother, Jason, in Monday's Super Bowl LVII rematch.",Fox Sports
"Joe Biden Makes Bizarre Joke at Turkey Pardoning, Confuses Taylor Swift and Britney Spears","President Joe Biden made a bizarre, confusing joke during this year's annual turkey pardoning ceremony at the White House, seemingly referencing Taylor Swift's sweltering concert in Brazil, which tragically resulted in the death of one fan, but also mentionin…",Breitbart News
Republican Makes Bizarre Accusation Against Taylor Swift,"""I have heard from others that attended this last tour that you had some satanic nods in your show,"" said former Republican governor candidate Kandiss Taylor.",Newsweek
Kellyanne Conway's Daughter Backs Campaign to Oust Harry Jowsey From 'DWTS',"Claudia Conway showed support for a campaign to see Jowsey eliminated from ""DWTS""—and the reason is all about Taylor Swift.",Newsweek
Taylor Swift tour may prevent Thanksgiving at home with Travis Kelce,Taylor Swift's first Thanksgiving with Travis Kelce may be over FaceTime as she continues Eras Tour in Brazil while he plays football with Kansas City Chiefs.,Fox News
Andy Reid Says Opposing Coaches Don't Call Him About Taylor Swift,"The Kansas City Chiefs coach said he is happy that star tight end Travis Kelce has ""found somebody he likes.""",Newsweek
Taylor Swift's Absence at Travis Kelce Game Sparks Conspiracy Theories,Travis Kelce and Taylor Swift have teased their relationship for months. The singer was absent as the Kansas City Chiefs lost their first game of the season.,Newsweek
Andy Reid Loves Having Taylor Swift Around Travis Kelce and the Chiefs,"Chiefs coach Andy Reid wants Taylor Swift around the team ""all she wants"" as the relationship between Swift and star tight end Travis Kelce heats up.",Newsweek
"The Taylor Swift bowl, Victor Wembanyama vs. Chet Holmgren and more on this week's betting calendar",NFL Week 11 features a rematch of Super Bowl 57 between the Eagles and Chiefs.,USA Today
Couple's viral 'Taylor Swift Jar' has wife paying a quarter whenever she mentions the star,"A Maryland realtor and her husband went viral after a ""Taylor Swift Jar"" was made. If someone mentions Swift or Travis Kelce, a quarter is required to be added to the jar.",Fox News
41 Things That'll Make You Want To Start Writing Your Holiday Wish List Now,"A monthly book subscription, a soft serve maker, Taylor Swift-inspired embroidered sweatshirts, and more great things you'll want to add to your own holiday wish list this season.View Entire Post ›",Buzzfeed
"14 Celebs Who Have Literally Offered Their Homes, Money, And Other Resources To Other Celebs","When Taylor Swift first bought her NYC penthouse in 2014, her then-close friend Karlie Kloss stayed over often enough that she essentially had her own room. It had a basket of Karlie's favorite Whole Foods snacks and pictures of her on the wall.View Entire Po…",Buzzfeed
"Travis Kelce, Taylor Swift Timeline: How Kelce Played Since Going Public",Travis Kelce and Taylor Swift started making headlines in July. How has the Kansas City Chiefs star performed since the couple went public?,Newsweek
Taylor Swift sports Travis Kelce's football jersey number on friendship bracelet at Chiefs game,Taylor Swift showed NFL fans how to support a player by wearing Travis Kelce's football jersey number on a friendship bracelet while watching Chiefs game.,Fox News
Taylor Swift fans all made the same joke about her and Travis Kelce riding a golf cart to an afterparty,Riding in a getaway car(t).,USA Today
Taylor Swift fans think her smile during Labyrinth as she sang 'falling in love again' is all about Travis Kelce,Was Taylor Swift singing a message to Travis Kelce during the Eras Tour? Fans think so.,USA Today
"What to stream this week: 'Oppenheimer,' Adam Sandler as a lizard and celebs dance to Taylor Swift",This week’s new entertainment releases include Adam Sandler playing a 74-year-old elementary class lizard in the latest Netflix animation offering “Leo” and “Oppenheimer” finally arriving on home screens,ABC News
"Taylor Swift postpones Rio show over ""extreme weather"" after fan's death","Taylor Swift postponed a concert in Rio de Janeiro, Brazil, after a 23-year-old fan died during the Friday night show of Swift's Eras Tour.",CBS News
Taylor Swift suffers wardrobe malfunction on stage during Brazil 'Eras Tour' stop,"Taylor Swift's heel broke off during the ""Lover"" set of ""The Eras Tour"" in Brazil. The ""Midnights"" singer took the stage Monday night for a rescheduled show following ""extreme"" weather.",Fox News
Chiefs' Travis Kelce has been taking his play to a new level with Taylor Swift in the house,Kansas City Chiefs tight end Travis Kelce has been taking his play to a new level whenever Taylor Swift is in the house,ABC News
Taylor Swift's Argentina concert takes political turn as presidential election nears,Politics was suddenly a topic of conversation as thousands of Taylor Swift fans eagerly lined up for the superstar’s first-ever concert in Argentina,ABC News
The Meaning Behind Taylor Swift’s 1989 Vault Track ‘Slut!’,"Taylor Swift boldly reclaims a word that's been hurled at her in 1989 (Taylor's Version), with ""Slut!""",Time
Travis Kelce has the smoothest answer when asked if he's in love with Taylor Swift,"IS TRAVIS KELCE IN LOVE WITH TAYLOR SWIFT? He actually has an answer beyond ""no comment.""",USA Today
Taylor Swift postpones Rio show after a fan's death during her Friday night concert,Taylor Swift postpones Rio show after a fan's death during her Friday night concert,ABC News
Will Taylor Swift keep going to Travis Kelce's games? Let's look at their schedules,Let's look at the Eras Tour schedule and the Chiefs' slate of games to see if we'll see more Swift at his games.,USA Today
Fans speculate Travis Kelce keeps texting Taylor Swift during episodes of New Heights podcast,"Honestly, if we could text Taylor Swift, we'd be doing it all the time, too.",USA Today
Travis Kelce shares how Taylor Swift romance began,"Travis Kelce shared details about how his love story with Taylor Swift began, revealing he had some help from her family members.",Entertainment Weekly
Taylor Swift adds Brittany Mahomes to her squad | CNN,Taylor Swift adds Brittany Mahomes to her squad | CNNcnn.com,CNN
"Kelly Clarkson jokes Taylor Swift, Travis Kelce have 'taken over' NFL: 'It's like you're watching Housewives'","Kelly Clarkson is not happy with Taylor Swift and Travis Kelce's NFL takeover, saying she feels like she's watching ""The Real Housewives"" instead of football.",Fox News
Family of Taylor Swift Fan Who Died After Brazil Concert Calls for Investigation,"“I feel this loss deeply and my heart goes out to her family and friends,” Taylor Swift said in a handwritten statement.",Vice News
Taylor Swift kissing Travis Kelce is the latest thing to have Swifties excited,A photo showing Taylor Swift sweetly kissing Travis Kelce has caused some excitement among her die hard fan base.,CNN
Travis Kelce's astonishingly philosophical tweet from 2012 had Taylor Swift fans making so many jokes,When you take your first philosophy class ...,USA Today
Gwyneth Paltrow intends to 'literally disappear'; Taylor Swift 'protected and cherished' by Travis Kelce,"The Fox News Entertainment newsletter brings you the latest Hollywood headlines, celebrity interviews and stories from Los Angeles and beyond.",Fox News
Taylor Swift secures Travis Kelce's dad's stamp of approval in glowing review: 'Very special',Taylor Swift seemingly earned a stamp up of approval from new beau Travis Kelce's father. Ed Kelce shared insight into his relationship with the pop star in a new interview.,Fox News
'The View' hosts see red flags in Travis Kelce's Taylor Swift interview,"'The View' hosts discussed the 'red flags' they saw in Travis Kelce's recent interview about dating Taylor Swift, and called the NFL star a 'palate cleanser' for the singer: 'What is he hiding?'",Entertainment Weekly
Travis Kelce's Brother Highlights the Dark Side of Taylor Swift Romance,"The media storm surrounding his brother and the behavior of the paparazzi is raising ""alarms"" for the football star's brother Jason Kelce.",Newsweek
"Taylor Swift and Travis Kelce, Gwen Stefani and Blake Shelton bring the romance: PHOTOS","Taylor Swift and Travis Kelce were spotted together at a ""Saturday Night Live"" after-party, and Blake Shelton supported Gwen Stefani at her Hollywood Walk of Fame ceremony.",Fox News
Chris Jones seemingly confirmed that Taylor Swift will be at Chiefs-Eagles on Monday,This may be the Taylor Swift confirmation everyone's been looking for!,USA Today
"TMZ: Taylor Swift Won't Attend Travis Kelce, Chiefs' Game vs. Broncos in Week 8","Travis Kelce will be left to his own devices when the Kansas City Chiefs play the Denver Broncos on Sunday. Per TMZ Sports, Taylor Swift won't be attending…",Bleacher Report
Patrick Mahomes approves of Travis Kelce's relationship with Taylor Swift: 'It's not become a distraction',"Chiefs quarterback Patrick Mahomes gave his stamp of approval of Travis Kelce's relationship with Taylor Swift, saying it's not a distraction to the guys in the locker room.",Fox News
"Travis Kelce asked if he's 'in love' with Taylor Swift, addresses relationship 'status'","Travis Kelce and Taylor Swift are all but officially official, which prompted a reporter in Germany to ask the Chiefs star if he's ""in love.""",Fox News
USA Today hires a Taylor Swift reporter. Who is he?,"Gannett, the biggest newspaper chain in the U.S., no longer has a blank space under the title of “Taylor Swift reporter.”",NBC News
"Taylor Swift fan dies before 'The Eras Tour' concert in Rio de Janeiro, Brazil","Taylor Swift fan dies before 'The Eras Tour' concert in Rio de Janeiro, Brazilgo.com",ABC News
Taylor Swift fans swoon over Travis Kelce’s hours-long red-eye flight to be at the Eras Tour in Argentina,"Travis Kelce took an overnight flight some 5,600 miles across the globe to be there for Taylor Swift!",USA Today
Travis Kelce breaks scoreless drought but key fumble contributes to Chiefs loss sans Taylor Swift,"Travis Kelce made an impact early for the Kansas City Chiefs, but key mistakes stymied the team in their narrow loss to the Philadelphia Eagles.",Fox News
Taylor Swift's dad (an Eagles fan!) wore a Chiefs lanyard while with Travis Kelce at the Eras Tour,Taylor Swift fans loved this. Eagles fans? Not so much.,USA Today
Taylor Swift achieves billionaire status amid monumental Eras tour,"According to a Bloomberg News Analysis published Thursday, Taylor Swift's net worth is $1.1 billion.",Business Insider
Taylor Swift fans aren't going to be happy with Terry Bradshaw's Eras Tour lip sync theory,Taylor Swift fans might have some beef with Terry Bradshaw over this one.,USA Today
Video: Trump Takes Stage to 'J6 Hostages' Song That 'Beat Taylor Swift',The former president touted the popularity of a song that features his voice.,Newsweek
Taylor Swift and Beyoncé Are Resurrecting the American Movie Theater,"This week, as “Swifties of the Flower Moon” took over social media, Swift trounced Martin Scorsese at the US box office. Beyoncé’s tour film is coming later this fall. Cinema is back, baby!",Wired
Woman dies at Taylor Swift concert in Brazil amid extreme heat,"A 23-year-old woman died at a Taylor Swift concert Friday in Rio de Janeiro. While the cause of death has not yet been revealed, the concert took place during extreme temperatures. In response to the death, Swift wrote that she was ""overwhelmed with grief,"" a…",CBS News
55 Unexpected Gifts That'll Put Santa To Shame,"Commemorative Taylor Swift tickets, Renaissance cat calendars, Love Island tumblers, and tons of other fun items your giftee had no idea they needed.View Entire Post ›",Buzzfeed
Oklahoma State trolled Oklahoma with perfect Taylor Swift song after winning last Bedlam rivalry game,Oklahoma State is never ever getting back together with Oklahoma after winning the last Bedlam game.,USA Today
Could Taylor Swift make it to K.C. for Kelce brothers' Super Bowl rematch?,Taylor Swift is currently touring on another continent. Could she make time to jet back to Kansas City for Travis Kelce's big game next week? Here's a breakdown.,Fox Sports
Taylor Swift's upcoming absence shifts Monday Night Football prop markets,"Taylor Swift's presumed absence from the MNF Eagles-Chiefs showdown has apparently had an effect on Travis Kelce player prop markets, Patrick Everson reports.",Fox Sports
Taylor Swift: Friend Cara Delevingne says Swift and Travis Kelce’s relationship is ‘very different’,Taylor Swift: Friend Cara Delevingne says Swift and Travis Kelce’s relationship is ‘very different’cnn.com,CNN
Eagles troll Travis Kelce-Taylor Swift relationship with friendship bracelet victory tweet,This is a top-tier troll from the Eagles.,USA Today
Why do people think Taylor Swift secretly wrote Henry Cavill’s new spy movie?,Argylle stars Henry Cavill and Dua Lipa and is based on a book by author Elly Conway — who Taylor Swift fans are convinced is the pop superstar herself.,Polygon
Kristin Cavallari's 'crush' on Taylor Swift's man Travis Kelce clarified: 'I have more game than that',"Kristin Cavallari told Travis Kelce she was ""in love"" with him when his reality show was on air. The ""Laguna Beach"" alum is clarifying her previous statement after she sparked romance rumors.",Fox News
"SZA leads Grammy nominations, up for ""Album of the Year"" with Miley Cyrus, Taylor Swift and Janelle Monáe","The 66th Grammy Awards nominations have been announced and SZA tops the list with nods in nine categories. Joe Levy, a contributor editor for ""Rolling Stone,"" joins CBS News with a look at the artists nominated.",CBS News
Taylor Swift won't be at Eagles - Chiefs ... but will her parents meet the Kelces?,Will Taylor Swift's parents still be at Chiefs - Eagles even if she isn't?,USA Today
Taylor Swift reschedules ‘Eras Tour’ performance,Taylor Swift reschedules ‘Eras Tour’ performancecnn.com,CNN
"Taylor Swift, Brittany Mahomes show off new handshakes amid monster half for Patrick Mahomes, Travis Kelce","Taylor Swift and Brittany Mahomes, the wife of star quarterback Patrick Mahomes, showcased their new touchdown handshake as their budding friendship continues.",Fox News
Eagles' Jason Kelce expresses concern for brother Travis Kelce amid budding romance with Taylor Swift,"Jason Kelce is ""happy"" for brother Travis Kelce amid his budding romance with pop sensation Taylor Swift, but he does have one possible concern.",Fox News
How Taylor Swift and Travis Kelce's First Meeting Unfolded,"The Kansas City Chiefs tight end revealed he had ""someone playing Cupid"" on Taylor Swift's team.",Newsweek
Taylor Swift Fans Furious After Fan Death at Brazil Concert,"After fainting at Taylor Swift's concert in Brazil on Friday night, a fan died after being rushed to a local hospital.",Newsweek
Photos of Travis Kelce and Taylor Swift's Incredible $6M Kansas Mansion,"Kelce's multi-million dollar purchase, which features six bedrooms, comes as his relationship with pop superstar Taylor Swift heats up.",Newsweek
Travis Kelce plays into joke that Taylor Swift 'put me on the map',"Travis Kelce is getting in on the joke that Taylor Swift put him ""on the map."" The narrative even inspired a couple's Halloween costume, which Kelce ""enjoyed.""",Fox News
Travis Kelce says Taylor Swift's lyric change at Argentina concert 'shocked' him,"Taylor Swift referenced Travis Kelce in a song and embraced the Chiefs star during her ""Eras Tour"" international concert series.",Fox Sports
"Taylor Swift, Travis Kelce meet the parents: Who's who in each famous family","As Taylor Swift and Travis Kelce's relationship continues to grow, they have been spotted spending time with each other's parents, who appear to be supportive of the romance.",Fox News
"NJ Gov Phil Murphy used thousands in taxpayer funds to party at Taylor Swift concert, stadium events: report","New Jersey Gov. Phil Murphy reportedly spent nearly $12,000 in taxpayer funds at MetLife stadium since 2018, including at a Taylor Swift concert.",Fox News
Travis Kelce looked like he was having a blast at Taylor Swift’s Buenos Aires Eras Tour concert,"Travis Kelce was dancing, eating snacks and hanging out with Taylor Swift's dad at the Eras Tour.",USA Today
Travis Kelce Addresses Whether He Is in Love With Taylor Swift,The Kansas City Chiefs star kept his cards close to the vest when a reporter in Germany asked him about his feelings for Swift.,Newsweek
"Taylor Swift hangs with Brittany Mahomes, Sophie Turner in NYC: Photos","Taylor Swift was spotted hanging out in New York City on Saturday with friends Selena Gomez, Brittany Mahomes, Sophie Turner and Gigi Hadid.",USA Today
"Taylor Swift fan dies before show in Brazil, superstar says",Taylor Swift said Saturday she was devastated by the death of a fan before her show in Brazil on Friday night.,NBC News
Rob Gronkowski's claim that Taylor Swift gets too much NFL airtime is overblown,"Come on, Gronk. You're wrong about this one.",USA Today
Travis Kelce reveals the Taylor Swift conversation that 'terrified' him,"Amid increasingly positive rumors around Travis Kelce and Taylor Swift's relationship, the tight end revealed there was one conversation the pop star had with a family member that ""terrified"" him.",Fox Sports
Travis Kelce really appreciated everyone dressing up as him and Taylor Swift on Halloween,All the Travis Kelce and Taylor Swift Halloween costumes were approved by the man himself!,USA Today
"New Jersey governor spent $12K on stadium events, including a Taylor Swift concert","Politico reports New Jersey Gov. Phil Murphy tapped into a taxpayer-financed expense account for nearly $12,000 at MetLife Stadium, including almost $1,000 for a Taylor Swift concert in 2018",ABC News
"Travis Kelce will travel to Taylor Swift's Eras Tour stop in Argentina, per multiple reports",Multiple reports say Travis Kelce is headed down to Buenos Aires for Taylor Swift's Eras Tour stop there.,USA Today
Fan dies at Taylor Swift Eras Tour concert in Brazil with record heat,A 23-year-old woman succumbed to heat as Taylor Swift brought her Eras Tour to a concert venue in Rio de Janeiro.,The Washington Post
"What to stream this week: '1989 (Taylor’s Version),' Emily Blunt and 'Five Nights at Freddy’s'","This week’s new entertainment releases include Taylor Swift's “1989 (Taylor’s Version),” a glossy look at opioid addiction with the movie “Pain Hustlers” starring Emily Blunt, Chris Evans and Andy Garcia, and the streaming horror flick “Five Nights at ...",ABC News
Travis Kelce's big day with Taylor Swift in attendance helps Chiefs to huge win over Chargers,"Travis Kelce had a dominant performance with his rumored girlfriend, Taylor Swift, in the building during the Kansas City Chiefs' big win on Sunday.",Fox News
"Dolly Parton, Taylor Swift, and more celebrities with species named after them","Some scientists love naming new species after celebrities. From David Bowie's spider to Dolly Parton's lichen, here are famously named species.",Business Insider
"2023 CMAs co-hosts Luke Bryan, Peyton Manning joke about Taylor Swift, Travis Kelce at award show","The 2023 CMA Award co-hosts, Luke Bryan and Peyton Manning, took a moment during the show to make a Taylor Swift, Travis Kelce joke. Manning also poked fun at the New York Jets.",Fox News
Taylor Swift fans go wild as she sings about 'falling in love again' while kicking off international tour,"Taylor Swift shocked fans Thursday by singing about ""falling in love again"" amid her romance with NFL star Travis Kelce. The pop star performed ""Labyrinth"" in Buenos Aires for the first time on her Eras Tour.",Fox News
6 endearing things we learned about Taylor Swift from Travis Kelce's Wall Street Journal interview,Duets at bonfires? Insider help for the meeting?,USA Today
Taylor Swift fans used record amounts of data during the Eras Tour in North America,"A staggering 29 terabytes of glitter moved through AT&T’s network during her stop in Arlington, Texas, and Swifties set data usage records almost everywhere else.",The Verge
Taylor Swift postpones Brazil concert due to 'extreme temperatures',"Taylor Swift announced that her Saturday night Eras concert in Rio de Janeiro has been postponed due to ""extreme temperatures.""",Fox News
11 photos of Taylor Swift going through all the emotions watching Travis Kelce at the Chiefs game,"Waving to fans, celebrating and more for Taylor Swift in her return to Arrowhead Stadium.",USA Today
Former Chiefs GM Scott Pioli Provides Valuable Perspective on Travis Kelce,"Should No. 87 fall flat in his next game, there will be plenty of critical comments about his international escapade to Taylor Swift's show.",Newsweek
Peyton Manning and Luke Bryan hysterically roasted the Jets with a CMA Awards joke involving Taylor Swift,Jets fans might want to avoid this one.,USA Today
Chiefs' Travis Kelce Addresses Viral Taylor Swift Stat Graphic from Chargers Game,Kansas City Chiefs star Travis Kelce is well aware of the difference in his performance this season when Taylor Swift is at his games as opposed to when she's…,Bleacher Report
'Taylor Swift: The Eras Tour' tops domestic box office for 2nd week,"'Killers of the Flower Moon' eclipsed by 'Taylor Swift: The Eras Tour' domestically, but debuts at No. 1 globally.",Entertainment Weekly
Taylor Swift ran and kissed Travis Kelce at her Eras Tour concert stop in Argentina,"Well, Taylor Swift and Travis Kelce sure seem to like each other.",USA Today
"Travis Kelce, Taylor Swift budding relationship draws wholesome remark from Andy Reid",Kansas City Chiefs head coach Andy Reid remarked on Travis Kelce's relationship with Taylor Swift as he spent his bye week in Argentina to see the pop star.,Fox News
Taylor Swift Postpones Rio Concert Amid Safety Concerns Following Fan’s Death,"Taylor Swift took to social media on Saturday evening to announce that she was postponing her concert, amid concerns over safety.",Time
"Taylor Swift Went Out With A Large Group Of Famous Girlfriends, And It's Just Looking Worse And Worse For Joe Jonas",I imagine them doing some sort of Hocus Pocus hexing spell while eating the biggest ball of burrata you've ever seen.View Entire Post ›,Buzzfeed
Nolte: Taylor Swift Humiliates Hollywood Again -- Trounces Leo’s ‘Flower Moon’,"Nolte: ""Taylor Swift: The Eras Tour"" grossed another $32 million, humiliating Leonardo Di Caprio’s ""Killers of the Flower Moon,"" which debuted to just $22 million.",Breitbart News
Vancouver hotels rooms already sold out for Taylor Swift's 2024 concert dates,"Vancouver is expecting an economic boon from Taylor Swift's 2024 concert dates, but Swifties are already finding hotel rooms sold out.",CBC News
Taylor Swift fans think her grateful message to Buenos Aires used one of Travis Kelce's favorite phrases,"Maybe Taylor Swift already has the word “electric” in her vocabulary — heck, she has a song called Electric Touch! — to describe the die-hard crowds during the Eras Tour, bu…",USA Today
Here's Why Taylor Swift Will Not Be at Travis Kelce's Game vs. Eagles,"The pop star rescheduled her Saturday show to Monday due to punishingly hot temperatures, meaning she'll miss the Chiefs game.",Newsweek
A Ranking of Taylor Swift’s ‘From the Vault’ Songs,"With each re-recorded album, Taylor Swift has also released songs that almost made the cut. Here are our favorite 'From the Vault' tracks.",Time
Joy Behar doesn’t want Taylor Swift stuck with ‘idiot’ Travis Kelce,'The View' host Joy Behar doesn't want Taylor Swift to be 'stuck with this idiot' Travis Kelce after several of his posts making disparaging comments about women resurfaced online: 'He’s illiterate.',Entertainment Weekly
Taylor Swift reportedly hosted wives of Travis Kelce's teammates at a Chiefs watch party,Wives of Travis Kelce's teammates were seen leaving Swift's Tribeca home on Sunday.,USA Today
"Chiefs' Travis Kelce Will Have Feature on Jason Kelce, Eagles' 2nd Christmas Album",Travis Kelce starts dating Taylor Swift and all of a sudden the Kansas City Chiefs star embarks on a musical career. Travis and brother Jason announced…,Bleacher Report
Taylor Swift postpones Eras Tour concert in Rio de Janeiro due to heat,"Taylor Swift announced that her concert scheduled for Saturday in Rio de Janeiro, Brazil has been postponed due to high temperatures.",CNN
Travis Kelce's dad says he's impressed by Taylor Swift after meeting pop star,"Despite Travis Kelce joking that his father meeting Taylor Swift was ""terrifying,"" Ed Kelce reportedly had a great first impression of the pop star.",Fox Sports
"Taylor Swift releases reimagined '1989' album, reviving nostalgia during new era of career","Taylor Swift has released her reimagined ""1989"" album. The original album marked the beginning of her singing career's shift from country to pop and now is being revisited.",Fox News
Could Rio weather ultimately prevent Taylor Swift from attending Eagles - Chiefs?,Could rain reschedule Taylor Swift's Sunday show to Monday? We'll see.,USA Today
Gigi Hadid Breaks Silence on Taylor Swift's Romance With Travis Kelce,Gigi Hadid has denied she doesn't approve of Taylor Swift's relationship with football star Travis Kelce moving so fast.,Newsweek
Connor Hellebuyck and his wife debut first of many Travis Kelce and Taylor Swift Halloween costumes this season,The Taylor Swift and Travis Kelce Halloween costumes are beginning to roll in.,USA Today
Taylor Swift runs to kiss Travis Kelce after he attends her second Eras show in Argentina,Taylor Swift and Travis Kelce shared a kiss after the singer rushed into the NFL star's arms following her second Eras tour concert in Argentina.,Fox News
Taylor Swift has the most adorable stand-in for Chiefs - Broncos: A Corgi dressed like her,"Likely not going to see the real Taylor Swift in Denver today, but you do get a super cute stand-in.",USA Today
"Video of Taylor Swift, Patrick Mahomes' Wife Sparks Outrage","The singer was spotted hanging with Brittany Mahomes, but their friendship ignited a surprising amount of uproar amongst football fans.",Newsweek
2023 NFL Odds: Taylor Swift's presence in Germany could affect betting market,You guessed it: Taylor Swift is now affecting the betting market. And whether or not she makes it to Germany for Sunday's game could affect Travis Kelce player props.,Fox Sports
"There's been a Travis Kelce sighting at the World Series. No sign of Taylor Swift, though",There has been a Travis Kelce sighting at the World Series,ABC News
Taylor Swift fans think Eras Tour bracelets lit up with Chiefs colors during her End Game performance,Big reputations and now gold and red bracelets!,USA Today
"NFL Week 7 top viral moments: LeBron James, Taylor Swift celebrate National Tight Ends Day",There was plenty to buzz about on social media during an action-packed NFL slate. Check out the moments that had the internet talking here!,Fox Sports
"Here's What People Are Saying After Kelly Clarkson Responded To Claims She ""Bashed"" Taylor Swift And Travis Kelce","""Do not fall prey to clickbait, trash reporters twisting the facts again.""View Entire Post ›",Buzzfeed
Taylor Swift spotted at Chiefs-Chargers game at Arrowhead Stadium,Taylor Swift has touched down in Kansas City to attend the Chiefs' home game against the Chargers.,Fox Sports
Travis Kelce Roasted by Social Media Users for His Trademark Filings,The Kansas City Chiefs star might have spotted a few business opportunities as his relationship with Taylor Swift raises his profile.,Newsweek
A timeline of Taylor Swift and Travis Kelce's budding romance,"A timeline of the speculated romantic link between Taylor Swift and Kansas City Chiefs football player Travis Kelce, beginning in July when Kelce attended a Swift concert.",Fox News
"Travis Kelce says he'll be alone with KFC on Thanksgiving, which means no Taylor Swift",Travis Kelce and Taylor Swift won't be reuniting on Thanksgiving.,USA Today
"Travis Kelce’s old tweets are resurfacing online, and some Swifties are here for it","Taylor Swift and Travis Kelce's viral public relationship has captivated the internet. Now, so have some of Kelce’s old tweets.",NBC News
"Biden turns 81, pardons turkeys, confuses Taylor Swift with Britney Spears","""That's a big bird, man. I'm impressed"" Biden said during the ceremony where he confused Britney Spears and Taylor Swift.",Business Insider
"Taylor Swift fans swarm restaurant to see her, find scarecrow instead","Taylor Swift fans swarmed a restaurant in Connecticut to get a glimpse of the pop star with Travis Kelce, only to find their scarecrows instead.",Entertainment Weekly
Taylor Swift delights Argentina concert fans with popular Spanish slang,"Taylor Swift fans went wild in Argentina when she swapped the words ""like ever"" for a Spanish expression popular in Argentina, and the crowd went wild.",NBC News
A muted box office weekend without ‘Dune: Part Two’,"Universal and Blumhouse's video game adaptation “Five Nights at Freddy's” topped the North American box office in its second weekend according to studio estimates Sunday, while “Taylor Swift: The Eras Tour” placed second",ABC News
What to watch with your kids: ‘Taylor Swift: The Eras Tour’,Common Sense Media’s guide to this week’s family movies and TV shows.,The Washington Post
10 of Taylor Swift and Travis Kelce's most heartwarming moments from The Eras Tour in Argentina,Taylor Swift and Travis Kelce had the absolute best time Saturday night.,USA Today
"A Taylor Swift song is the best investment advice for 2024, Goldman Sachs says",This isn't the first time Taylor Swift has occupied the head space of Wall Street forecasters and economists this year.,Business Insider
"6 signs Taylor Swift's Reputation (Taylor’s Version) could be dropping soon, according to fans",Could there be any truth to these fan theories about Swift's latest re-release?,USA Today
"Taylor Swift's Eras Tour linked to unfortunate circumstances in Rio, including fan deaths and dangerous heat","Taylor Swift's Eras Tour has been marred by the deaths of fans, muggings and a dangerous heat wave in Rio de Janeiro. On Friday, a fan fell ill during the show and later died.",Fox News
Broncos troll Chiefs by blasting Taylor Swift hit throughout the stadium after major upset,The Denver Broncos had a little fun at the expense of Chiefs' star Travis Kelce after they defeated Kansas City on Sunday for the first time since 2015.,Fox News
"A Taylor Swift Airbnb is a bachelorette dream home where megafans can bask in her ""Eras"" for up to $1,400 a night","You can rent this Taylor Swift Airbnb in Scottsdale, Arizona. Each room is devoted to a different era, from ""Reputation"" to ""Lover"" to ""Folklore.""",Business Insider
"Taylor Swift returns to Rio stage after postponing Eras Tour concert, fan death",Taylor Swift resumed The Eras Tour in Brazil after canceling concert on Nov. 18 due to record heatwave across Rio. One fan died Friday after fainting outside stadium.,Fox News
Taylor Swift and Brittany Mahomes shared a silly pregame dance in the duo’s return to KC,Taylor Swift and Brittany Mahomes had some adorable fun in their return to Arrowhead Stadium.,USA Today
"'Kelce' becomes a top trending dog name in America, pet company's data shows","Recent data from Rover has shown that a top trending dog name in America right now is ""Kelce,"" amid coverage of the Kansas City Chiefs player and girlfriend Taylor Swift.",Fox News
Report: Travis Kelce to Visit Taylor Swift in Argentina amid Chiefs' Bye Week,"Travis Kelce is reportedly traveling to Argentina during the Kansas City Chiefs' bye week, and for good reason. Kelce will be traveling to the South American…",Bleacher Report
"""Concerts Are Meant To Be A Safe Space. Never A Space Where You Should Lose Your Life."": Taylor Swift And Fans Reacted After A Fan Died Before Her Eras Tour Stop In Brazil","""Concerts are meant to be a safe space. Never a space where you should lose your life.""View Entire Post ›",Buzzfeed
Taylor Swift’s ‘1989 (Taylor’s Version)’ is her 13th album to hit No. 1 on Billboard charts,"Taylor Swift continues to break records in her whirlwind year, with “1989 (Taylor’s Version)” hitting No. 1 on the Billboard 200 album charts. It’s the singer’s 13th No. 1 album.",CNN
Philadelphia Radio Station Won't Play Taylor Swift Songs Ahead of Eagles vs. Chiefs,"While pop superstar Taylor Swift is a native of Pennsylvania and grew up a Philadelphia Eagles fan, her allegiance to Kansas City Chiefs star tight end Travis…",Bleacher Report
Roles reversed: Kelce uses bye week to attend Swift's performance,"After weeks of Taylor Swift making headlines for attending Chiefs games, it was Travis Kelce's turn to garner attention with his appearance in Buenos Aires.",ESPN
Taylor Swift hints Travis Kelce romance is serious with these subtle clues,Taylor Swift has dropped subtle clues about her relationship with Travis Kelce. Her fans have picked up on hints the romance is getting serious during The Eras Tour.,Fox News
"Gen Z's financial icons revealed: Taylor Swift beats Warren Buffett, and Bill Gates tops the list","Bill Gates, Beyoncé, and Oprah Winfrey made the list of people who embody financial success for Gen Z, according to a new survey of college students.",Business Insider
"4 Travis Kelce and Taylor Swift podcast revelations from his Argentina trip, including knowing Karma lyrics would change",Travis Kelce talked with his brother Jason on their New Heights podcast about his trip to see Taylor Swift in Argentina.,USA Today
Taylor Swift ‘devastated’ as fan dies before Brazil concert,"A Taylor Swift fan died before her opening night concert in Rio de Janeiro, Brazil, Friday. Swift shared a statement on her social media mourning the loss of the fan.",Fox News
"Video: Travis Kelce, Taylor Swift Embrace at Eras Tour; 'Karma' Lyrics Changed for TE","It appears that the support between Kansas City Chiefs tight end Travis Kelce and superstar singer-songwriter Taylor Swift is a two-way street. Kelce, who is…",Bleacher Report
Taylor Swift releases ‘1989 (Taylor’s Version)’ | CNN,"Straight out of your “wildest dreams,” Taylor Swift just dropped “1989 (Taylor’s Version).”",CNN
Travis Kelce Said 'I'm Gonna Find a Breeder' Months Before Dating Taylor Swift,"""Mr. Taylor Swift"" Travis Kelce of the Kansas City Chiefs made headlines Saturday after an unearthed podcast revealed the tight end saying he was looking for a ""breeder"" to ""get kids"" just months before he started dating the singer.",Breitbart News
Jaylen Waddle on Taylor Swift possibly showing up to Chiefs game in Germany: 'I'm a Swiftie',Raise your hand if you had Jaylen Waddle as a Taylor Swift fan on your Bingo Card.,USA Today
Taylor Swift pleads with fans after item is thrown onstage during Eras Tour concert: ‘It really freaks me out’,"After objects were thrown onstage, Taylor Swift politely asked her audience in Argentina to refrain, as it endangers her dancers and scares her.",Fox News
Taylor Swift parties with Jackson Mahomes as fans plead for her safety: 'Get her out of that box',"Taylor Swift and Brittany Mahomes cheered on the Kansas City Chiefs, but fans weren't happy to see suite celebrations with Jackson Mahomes who is accused of alleged sex crimes.",Fox News
How 1989 Changed Taylor Swift’s Career Forever,"Taylor Swift is re-releasing the game-changing album '1989,' which cemented her place in the pop landscape nine years ago.",Time
"Taylor Swift surprises Travis Kelce at concert, pleads with fans to stop throwing things on stage","The Fox News Entertainment newsletter brings you the latest Hollywood headlines, celebrity interviews and stories from Los Angeles and beyond.",Fox News
Taylor Swift Fan Dies at Rio Concert as Fans Complain About High Temperatures and Lack of Water,"RIO DE JANEIRO (AP) — A 23-year-old Taylor Swift fan died at the singer’s Eras Tour concert in Rio de Janeiro Friday night, according to a statement from the show’s organizers in Brazil.",Breitbart News
Taylor Swift and Jack Antonoff celebrate 'Cruel Summer' hitting No. 1 four years after initial release,"Taylor Swift's latest milestone feels like a complete ""fever dream."" On Monday, the singer and her collaborator Jack Antonoff celebrated their co-written song ""Cruel Summer,"" from the singer's 2019 album ""Lover,"" hitting No. 1 on Billboard's Hot 100 chart.",CNN
Travis Kelce issues apology to Taylor Swift's dad Scott after concert flub,"Travis Kelce spilled on his trip to Argentina to visit girlfriend Taylor Swift and hilariously apologized to her father, Scott, for an awkward flub he made during the concert.",Fox News
Far-right hosts are blaming the GOP's big election losses on Taylor Swift,Right-wing activist Jack Posobiec and commentator Charlie Kirk both blamed Taylor Swift's political power for electoral losses.,Business Insider
Josh Dobbs Replaces Taylor Swift as Header for Official NFL X Account,"After joining the Minnesota Vikings in the wake of Kirk Cousins' injury, Dobbs is one of the most feel-good stories in the NFL.",Newsweek
"Taylor Swift embraced by Travis Kelce's Kansas City Chiefs crew: 'She's letting her guard down,' expert says","Taylor Swift has been welcomed like ""family"" into Travis Kelce's Kansas City Chiefs crew, according to a body language expert who analyzed the pop star's moves with her new friends.",Fox News
Taylor Swift fan on TikTok wildly breaks down her and Travis Kelce's day-by-day schedule for the rest of 2023,This is some amazing stuff from a Taylor Swift fan.,USA Today
Taylor Swift takes in Chargers-Chiefs at Arrowhead in Week 7,Taylor Swift is back at Arrowhead Stadium for the second week in a row to watch the Los Angeles Chargers take on the Kansas City Chiefs.,ESPN
The Biggest Snubs and Surprises of the 2024 Grammy Nominations,"SZA, Taylor Swift, Victoria Monét, and Phoebe Bridgers are among the most nominated artists at the 2024 Grammy Awards.",Time
Taylor Swift says she has 'shattered heart' after 23-year-old fan dies at Eras Tour concert in Rio de Janeiro,"While the cause of death has not been announced, media reported that fans were not allowed to take water into the stadium despite soaring temperatures.",Fortune
Donna Kelce talks NFL's new viewership due to Taylor Swift's presence: 'I'm sure they're extremely happy',"Donna Kelce, the mother of Jason and Travis Kelce, discussed how she believes the NFL feels with Taylor Swift's presence at Kansas City Chiefs games resulting in boosted ratings.",Fox News
'We Want More Football!!!': Rob Gronkowski Says Networks Overdoing Taylor Swift Coverage,Former Super Bowl champ Rob Gronkowski think that broadcast network's should focus less on Taylor Swift and more on the players on the field.,Breitbart News
Taylor Swift Promoted Left-Wing Voter Registration Organization While Remaining Silent on Hamas' Massacre of Israelis,Mega pop star Taylor Swift used her massive social media following to promote a left-wing voter registration organization on election day. But the singer continues to remain silent on Hamas' massacre of Israelis more than a month after the October 7 slaughter.,Breitbart News
Taylor Swift gets emotional on stage performing song 'Bigger Than the Whole Sky' after fan's death,"Taylor Swift appeared to pay tribute to a fan who died before her Eras tour performance on Friday in Rio de Janeiro, Brazil, after the city faced a heat wave.",Fox News
Mom's creepy-cool Taylor Swift Halloween display goes viral on TikTok,"A Wisconsin mom has gone viral after she shared her creative Taylor Swift Eras Tour Halloween decor with fellow ""Swifties"" on TikTok, reaching millions of people.",Fox News
NFL fans debated whether or not Josh Allen called a ‘Taylor Swift’ audible or a ‘J.R. Smith’ audible,"Did Josh Allen say ""Taylor Swift"" or ""J.R. Smith"" with this TNF audible call?",USA Today
36 Incredible Products I Think About Even More Than Taylor Swift And Travis Kelce (And I Think About Them A *Lot*),I look at this $5 holy grail mascara the same way Trav looks at Taylor.View Entire Post ›,Buzzfeed
Donna Kelce discusses seeing The Eras Tour movie and whether Taylor Swift will be there for Chiefs - Eagles,"Momma Kelce said the film adaptation of the popular tour was ""amazing.""",USA Today
Taylor Swift fans remix her Travis Kelce kiss into incredibly beautiful videos,These Taylor Swift and Travis Kelce remixes are the best.,USA Today
Patrick Mahomes approves of Travis Kelce's relationship with Taylor Swift: 'It's not become a distraction',"Chiefs quarterback Patrick Mahomes gave his stamp of approval of Travis Kelce's relationship with Taylor Swift, saying it's not a distraction to the guys in the locker room.",Fox News
House's Taylor Swift and Travis Kelce-Inspired Halloween Display Goes Viral,"One TikTok user wrote it was the ""best Halloween house ever,"" in response to the display featuring the celebrity couple.",Newsweek
"Taylor Swift fan dies at Rio concert as fans complain about high temps, lack of water...",A 23 year-old Taylor Swift fan has died at the singer’s Eras Tour concert in Rio de Janeiro. The show’s organizers in Brazil said in a statement Saturday morning that Ana Clara Benevides Machado was attended by paramedics during the show and taken to a hospit…,Associated Press
Philadelphia radio station says it won't play Taylor Swift songs ahead of Eagles-Chiefs Super Bowl rematch,"The Kansas City Chiefs host the Philadelphia Eagles Monday night, and a Philly radio station is banning Taylor Swift songs until after the game.",Fox News
"How Taylor Swift could make it to a Travis Kelce Chiefs Super Bowl while on tour, according to Drew Barrymore",Drew Barrymore figured out how Taylor Swift could see Travis Kelce play the Super Bowl in person.,USA Today
52 TikTok Products Under $20 That Make Perfect Stocking Stuffers,"Be a GiftTok hero this year with these cult-favorite Globble stress toys, viral $5 Taylor Swift Golden Book, and iconic sad duck nightlight.View Entire Post ›",Buzzfeed
Taylor Swift’s latest master stroke is a blockbuster re-recording of her breakthrough pop album—and it could reshape the music industry as we know it,"The newest version of ""1989 TV,"" released at the end of October, sold 1.65 million copies in its first week. ""It's a career-defining moment.""",Fortune
Billboard Music Awards 2023: Full winners list,"Country titans Morgan Wallen and Taylor Swift dominated the Billboard Music Awards with a string of wins, including top artist and top Hot 100 artist.",USA Today
"Taylor Swift fans are convinced 1989 (Taylor’s Version) could be a double album, and they might be right",Are the Swifties on to something here?,USA Today
US professors use pop culture icons like Taylor Swift and Rick Ross to make law school more engaging,Law professors across the U.S. are incorporating pop culture icons like Taylor Swift and Rick Ross into their courses in an effort to engage students.,Fox News
Will Taylor Swift be at the Chiefs’ game in Germany? Travis Kelce wouldn’t say,Travis Kelce declined to discuss Taylor Swift’s status for the Chiefs' game Sunday in Germany — but left the door open.,Fox Sports
Travis Kelce faces jabs after another quiet game without Taylor Swift in attendance,Kansas City Chiefs tight end Travis Kelce faced some ribbing on social media as he had another quiet game with Taylor Swift not in attendance.,Fox News
Does Travis Kelce and Taylor Swift's Relationship Have 'Red Flags?',"NFL tight end and musician's relationship has been questioned by some of ""The View"" panel after ""red flags"" have started to show.",Newsweek
NC State football perfectly invoked Taylor Swift for Payton Wilson's postseason awards campaign,This is a winning combo.,USA Today
"Taylor Swift Expressed Her Discomfort With Fans Throwing Stuff Onstage: ""It Really Freaks Me Out""",Everyone needs to chill.View Entire Post ›,Buzzfeed
Travis Kelce trying to impress Taylor Swift is GREAT for Chiefs | What’s Wright?,"The Kansas City Chiefs were able to take care of business against the Los Angeles Chargers, soundly defeating them at home in Arrowhead 31-17. So how do Patrick Mahomes’ Chiefs avoid complacency with that challenge out of the way? Nick Wright points to one fa…",Fox Sports
Taylor Swift changes 'Karma' lyric for Travis Kelce at Eras concert,"Taylor Swift shouted out Travis Kelce in a 'Karma' lyric change at a show in Argentina: 'Karma is the guy on the Chiefs, coming straight home to me.'",Entertainment Weekly
Taylor Swift's Voting Message Sparks Outrage,Some fans have criticized the pop superstar for not making a statement about the ongoing Israel-Hamas conflict.,Newsweek
"I'm a long-distance dad. So I went to Taylor Swift's movie alone, for my daughters",Jordan Kawchuk had promised his daughters that they’d watch Taylor Swift’s movie together. And they did — even if it wasn’t in the same theatre sitting side-by-side.,CBC News
"Taylor Swift Fan Dies Before Eras Concert in Rio, Attendees Complain About Venue Conditions","A 23-year-old fan died at the Eras Tour concert in Rio on Friday night, according to a statement from the show's organizers in Brazil.",Time
Taylor Swift cancels Friday night show in Buenos Aires after Travis Kelce arrives in Argentina,Taylor Swift called off her Friday night Eras Tour show in Buenos Aires due to intense rain even after Travis Kelce showed up to watch her perform.,NBC News
"Taylor Swift fans worry after she spends time with Jackson Mahomes, Britney Spears shares why she goes nude","The Fox News Entertainment newsletter brings you the latest Hollywood headlines, celebrity interviews and stories from Los Angeles and beyond.",Fox News
Cowboys' Micah Parsons explains why Travis Kelce performs better in front of 'bad girl' Taylor Swift,"Kansas City Chiefs tight end Travis Kelce has performed exponentially better when rumored girlfriend Taylor Swift has been to his games, and Dallas Cowboys linebacker Micah Parsons has a theory as to why.",Fox News
What to Watch Out For on the Next Leg of Taylor Swift’s Eras Tour,The singer has finished the first U.S. leg of her historically popular Eras Tour and is headed to South America.,Time
Travis Kelce expecting another Taylor Swift sighting at Chiefs game: report,Travis Kelce is reportedly expecting Taylor Swift to be in attendance for the Kansas City Chiefs' game against the Los Angeles Chargers on Sunday,Fox News
"Taylor Swift jokes about witchcraft, 'never beating the sorcery allegations' after crazy concert moment","Taylor Swift is poking fun at long-standing rumors that she is a witch, sharing a bizarre moment from her Argentina shows that points to that narrative.",Fox News
Travis Kelce did an adorable Taylor Swift Shake it Off dance as the song played at the World Series,Travis Kelce danced to Taylor Swift's music at Game 1 of the World Series!,USA Today
"Taylor Swift postpones Rio show over ""extreme weather"" after fan's death","Taylor Swift postponed a concert in Rio de Janeiro, Brazil, after a 23-year-old fan died during the Friday night show of Swift's Eras Tour.",CBS News
Chiefs star Travis Kelce dances to Taylor Swift's 'Shake It Off' at World Series game,The Kansas City Chiefs star broke out some dance moves to one of Taylor Swift's hit songs during his appearance at Game 1 of the World Series between the Rangers and Diamondbacks.,Fox News
Travis Kelce knows his stats are better when Taylor Swift attends his games,"""How could I not be aware of this?""",USA Today
What's behind the extreme heat wave in Brazil that forced Taylor Swift to postpone a show,"Thousands of Taylor Swift's fans in Brazil have braved extreme heat to watch the singer perform on her wildly popular ""Eras Tour.""",MSNBC
Travis Kelce apologizes to Taylor Swift’s dad | CNN,Remember when Travis Kelce said he was going to stick to talking about football and not his private life? Good thing for the Swifties it looks like he didn’t mean it.,CNN
"Report: NJ Democrat Gov. Phil Murphy Spent Taxpayer Money at Taylor Swift Concert, Other Events","New Jersey Gov. Phil Murphy (D) reportedly spent taxpayer funds at stadium events, including a Taylor Swift concert.",Breitbart News
Taylor Swift Asks Fans to Stop Doing One Thing at Her Concerts,"""This is how you communicate to your fans. Such a class act,"" one X user wrote after a video of Swift's comment went viral.",Newsweek
Taylor Swift and Brittany Mahomes had dinner in NYC with Selena Gomez instead of going to Germany and we get it,Swift didn't make the trip to Europe with the next international leg of The Eras Tour starting soon.,USA Today
Taylor Swift watches football with former NFL quarterback Bernie Kosar before attending Chiefs game,"Taylor Swift is back at Arrowhead Stadium to catch her rumored beau Travis Kelce, but before attending the game, she watched the early games with Bernie Kosar.",Fox News
"Donna Kelce regrets calling Taylor Swift 'okay' in interview, says son Travis is 'happier' in life","Travis Kelce's mom, Donna Kelce, apparently has regrets over how she answered a question about Taylor Swift, but her son assured her she handled it perfectly.",Fox News
"Taylor Swift, Travis Kelce's long distance romance has fans anticipating next rendezvous","Taylor Swift embarks on Brazilian leg of her Eras Tour this week through Thanksgiving, leaving little time for new romance with boyfriend Travis Kelce.",Fox News
"Taylor Swift’s Rio Tour Marred by Deaths, Muggings and a Dangerous Heat Wave","RIO DE JANEIRO — The deaths of two people, muggings and a dangerous heat wave left legions of Taylor Swift’s Brazilian fans angry and disappointed in the three-day Rio de Janeiro leg of the pop superstar’s Eras Tour, which concludes Monday night.",Breitbart News
Taylor Swift Calls on Fans to Hit the Polls Ahead of Major Elections in Several States,"Pop star Taylor Swift, the jet-setting climate change activist who endorses Democrats, attacks Republicans, and performs for Communist human rights abusing-China’s Singles Day, took to social media on Tuesday to encourage her fans in certain states to vote on…",Breitbart News
Travis Kelce dazzled in Week 7. Is he 'showing off' for Taylor Swift?,"Travis Kelce had a huge 179-yard performance in Week 7, making some NFL fans wonder if he's ""showing off"" for Taylor Swift. And maybe that's a good thing.",Fox Sports
The Chiefs welcomed Taylor Swift's dad Scott to their fan base after he wore a Kansas City lanyard,The Chiefs have made their move to officially make Scott Swift one of their fans.,USA Today
Travis Kelce is ready to talk about dating Taylor Swift | CNN,"There was a time when Travis Kelce wasn’t interested in talking about his personal life, but no more.",CNN
"Taylor Swift's best outfits at Chiefs games, ranked: A running tally of what she's worn to watch Travis Kelce",Breaking down the best Taylor Swift fits at Chiefs games.,USA Today
Travis Kelce addresses photos of him holding Taylor Swift's hand like a football,Why does he hold her hand with both of his? It looks like he's holding a football!,USA Today
Travis Kelce won't say if Taylor Swift will be in Germany and jokingly blames oddsmakers for it,Those pesky oddsmakers always getting in the way,USA Today
Concert movies are the future of pop music fandom,"Taylor Swift, BTS, and Beyoncé’s concert movies level the field for fans. Once considered secondary to live shows, filmed concerts are now essential to fandom.",Polygon
The Taylor Swift and Brittany Mahomes secret handshake after Chiefs TDs is just the most fun,You have to love the Taylor Swift and Brittany Mahomes choreographed handshake.,USA Today
Taylor Swift asks fans not to throw objects on stage,"Taylor Swift asked fans at her Buenos Aires concert on Sunday night to not throw objects on stage, saying “it really freaks me out.”",NBC News
Taylor Swift kisses Travis Kelce following Kansas City Chiefs game,Taylor Swift and Travis Kelce's romance heats up as a new photo of the pop star kissing the NFL tight end's cheek surfaced after she attended Sunday's Kansas City Chiefs game.,Fox News
Travis Kelce fist-pumps after a ‘Taylor Swift’s boyfriend’ cheer from an enthusiastic fan,Kelce can add one more title to his long list of accolades.,USA Today
Taylor Swift was the soundtrack to my Killers of the Flower Moon screening,Did you hear Taylor Swift: The Eras Tour while trying to watch Martin Scorsese’s latest movie? You aren’t alone.,Polygon
There's one thing Taylor Swift isn't talking about,Taylor Swift is a billionaire after her Eras Tour and movie boosted her 2023 net worth. The pop star's brand benefits from her downplaying her wealth.,Business Insider
Taylor Swift fans think they've found Travis Kelce's plane that's headed to Argentina,Could this be Travis Kelce flying down to see Taylor Swift at the Eras Tour?,USA Today
Fact Check: Did Donald Trump Beat Taylor Swift In Pop Charts?,Donald Trump said his single beat Taylor Swift and Miley Cyrus in the charts. Here's what happened.,Newsweek
Taylor Swift’s remake of '1989' outsold the original’s first-week numbers—and it's not even close,That’s the first time a remake has outsold the original.,Fortune
"Taylor Swift, Travis Kelce break NFL WAG curse: Jessica Simpson, Carrie Underwood once blamed for losses",Taylor Swift and Travis Kelce's new relationship fills the blank space that the NFL needs to recover from the alleged curse when Hollywood stars date football players.,Fox News
Taylor Swift concert runs into brutal Brazilian heat wave,The death of a Taylor Swift fan at her recent concert in Rio de Janeiro comes during a brutal heat wave that has hammered parts of Brazil.,NBC News
"Taylor Swift's headed to Argentina for her Eras Tour — Travis Kelce plans to be there, too","Taylor Swift has been on the sidelines rooting Travis Kelce on while he works, and now, he's expected to travel to Argentina as her Eras Tour resumes.",NBC News
"Report: Travis Kelce, Taylor Swift's Parents Expected to Meet at Eagles vs. Chiefs",Travis Kelce and Taylor Swift appear to be taking the next step in their relationship. The parents of the Chiefs tight end and world-renowned…,Bleacher Report
Taylor Swift sports new friendship bracelet with beau Travis Kelce’s jersey number on it at Chiefs game,"This is basically the 2023 version of wearing a letter jacket, right?",USA Today
Taylor Lautner simply can’t stop backflipping at Taylor Swift’s events,"Taylor Lautner, of Twilight fame, has backflipped not once but twice at Taylor Swift Eras Tour events. Apparently, he did it due to anxiety.",Polygon
"NFL commissioner Roger Goodell opens up about league's popularity, Taylor Swift's impact","""CBS Mornings"" co-host Nate Burleson speaks with NFL commissioner Roger Goodell about the surge in the league's popularity, Super Bowl 2024, player safety, Taylor Swift, Travis Kelce and much more.",CBS News
Taylor Swift Under Attack by MAGA Christians,"A self-proclaimed prophet and Donald Trump fan claims the pop star has been doing the devil's work, along with Pfizer and rumored boyfriend Travis Kelce.",Newsweek
Campaign fundraisers are hitting high notes at Taylor Swift and Beyoncé concerts,"Congressional candidates are getting creative, and having fun, as they raise cash (Taylor’s Version).",Politico
"Swift bests Scorsese at box office, but 'Killers of the Flower Moon"" opens strongly","In a movie match-up almost as unlikely as “Barbie” and “Oppenheimer,” Martin Scorsese took on Taylor Swift in cinemas over the weekend",ABC News
Joe Biden's Massive Taylor Swift Gaffe Goes Viral on 81st Birthday,Biden appeared to confuse pop superstars Taylor Swift and Britney Spears during the annual turkey pardoning ceremony on Monday.,Newsweek
Taylor Swift’s ‘All You Had To Do Was Stay’ Is Criminally Underrated,"It's time to reassess the track from Taylor Swift's 1989, which is set to be rereleased on Oct. 27.",Time
'It's refreshing': Wall Street analysts show they're Taylor Swift superfans too by riffing on her songs in their usually wonky research notes,Analysts are giving a nod to Swift’s reign at the pinnacle of pop culture by referencing her lyrics in their financial research.,Fortune
Taylor Swift fan dies at Rio concert amid complaints about excessive heat,"Swift posted in her Instagram stories after news of the fan's death writing she has ""a shattered heart.""",CBS News
"Taylor Swift postpones Rio show one day after fan's death, citing 'extreme temperatures'","Apparent temperature — a combination of temperature and humidity — hit 138 degrees Friday morning in Rio, the highest index ever recorded there.",Fortune
10 Taylor Swift and Travis Kelce Halloween costumes worn by everyone from kids to athletes,You knew this was going to be the 2023 Halloween couples costume.,USA Today
Travis Kelce's Stylist Responds to Taylor Swift Wardrobe Conspiracies,The Kansas City Chiefs star has worn clothes that look like Easter Eggs for Swift's fans. Were the nods to Swift's work intentional?,Newsweek
Video shows all the times Taylor Swift sang to Travis Kelce at the Eras Tour in Argentina,Taylor Swift made sure Travis Kelce knew she was singing to him.,USA Today
"TMZ: Travis Kelce, Taylor Swift 'Committing to Making It Work' Ahead of Holidays","Kansas City Chiefs star Travis Kelce and Taylor Swift are ""moving forward with plans to be together for the holidays,"" according to TMZ Sports. ""We're told…",Bleacher Report
"Taylor Swift, Selena Gomez, Brittany Mahomes spotted in NYC ahead of Travis Kelce's game in Germany","Taylor Swift, Selena Gomez, Sophie Turner and Gigi Hadid were spotted with Brittany Mahomes outside a New York City restaurant Saturday.",Fox News
Taylor Swift and Brittany Mahomes' Budding Friendship,"The friendship between Taylor Swift and Brittany Mahomes, wife of Kansas City Chiefs player Patrick Mahomes, is making headlines. Now, they have a handshake.",Newsweek
"Taylor Swift rakes in another $31 million, holds off Martin Scorsese's 'Killers' to stay atop the box office","“Killers of the Flower Moon,"" which cost Apple Studios at least $200 million, debuted with $23 million, the third-best opening for Martin Scorsese.",Fortune
Patrick Mahomes says he’s worn the same pair of underwear every game since his first NFL season,Travis Kelce spent the Kansas City Chiefs’ bye week carousing through South America with Taylor Swift.,NBC News
Travis Kelce's reaction to Taylor Swift changing the lyrics to Karma to be about him had fans losing it,"“Karma is the guy on the Chiefs, coming straight home to me.”",USA Today
"Taylor Swift’s dad gets apology from Travis Kelce; Will Smith, Jada Pinkett Smith deny cheating claims","The Fox News Entertainment newsletter brings you the latest Hollywood headlines, celebrity interviews and stories from Los Angeles and beyond.",Fox News
Will Taylor Swift be at the Chiefs' game in Germany? Travis Kelce wouldn't say,Travis Kelce has declined to discuss Taylor Swift’s status for Sunday’s game in Germany — and their status as a couple,ABC News
Jason Kelce Describes 'Whirlwind' Amid Travis and Taylor Swift's Love Life,"The Eagles center is embracing his newfound nationwide-celebrity, even if it makes some everyday things a little more difficult.",Newsweek
An expensing firm CFO just revealed how remote work changes employee perks,"For proof, take a look at the $21,000 VIP dinner, $350 haircut, and Taylor Swift concert tickets that workers got reimbursed last year.",Fortune
"Meet the typical Swiftie: A white suburban millennial woman who may have spent $1,300 to go to the Eras Tour","Taylor Swift's biggest fan is a white millennial woman living in the suburbs. She might not make a lot of money, but she's ready to spend big on Swift.",Business Insider
"Taylor Swift is now a billionaire, Bloomberg says | CNN Business","Taylor Swift has another accolade to add to her already impressive resume this year: America’s favorite pop star is now a billionaire, according to a Bloomberg analysis.",CNN
Travis Kelce had a really good reason for missing Taylor Swift's first Eras Tour show in Argentina,Travis Kelce was in Kansas City for an important event while Taylor Swift kicked off her first show in Argentina.,USA Today
Eagles troll Chiefs with Taylor Swift reference after big win,"The team posted a picture of a green friendship bracelet that read ""Eagles win"" on Instagram​ following their 21-17 victory on Monday.",CBS News
Taylor Swift's parents to meet Travis and Jason Kelce's for first time at Eagles-Chiefs game: report,Taylor Swift's parents to meet Travis and Jason Kelce's for first time at Eagles-Chiefs game: reportcbsnews.com,CBS News
Taylor Swift's parents reportedly didn't come to Chiefs - Eagles as planned,The meeting of the parents seems to be understandably postponed as Taylor Swift is still in Brazil.,USA Today
'TODAY' hosts dress up as music icons for Halloween. See who was Taylor Swift.,"Savannah Guthrie joined her ""TODAY"" co-hosts in celebrating music icons on Halloween, dressed as one of her favorite singers, Taylor Swift.",NBC News
The 23 most delightfully goofy Travis Kelce tweets unearthed by Taylor Swift fans,These are all so wholesome.,USA Today
Key election takeaways and Swifties skeptical of new correspondent: Morning Rundown,"Election results, third GOP debate, Vivek Ramaswamy, Ron DeSantis, Nikki Haley, Taylor Swift, Paul Kessler, Euclid telescope images, Patrick Dempsey, Sexiest Man Alive",NBC News
We need a Taylor Swift and Travis Kelce cover of Teenage Dirtbag as soon as possible,The couple sang this song by a fire pit and we need to hear it.,USA Today
